text,summary
La Policía Nacional de Melilla detiene a ocho individuos por falsificar contratos de trabajo con los que obtener el permiso de residencia. En algunos casos mediaba una relación sentimental entre el defraudador y el trabajador ilegal,"Agentes de Policía Nacional, adscritos a la Unidad Contra Redes de Inmigración Ilegal y Falsedad Documental (UCRIF) de Melilla, han llevado a cabo en los últimos meses cuatro investigaciones relacionadas con la falsedad en contratos a empleados de hogar interno.
Estos contratos eran utilizados por autores de los hechos para presentarlos en la Oficina de Extranjería de Melilla para obtener permisos de residencia y trabajo en España, por lo que, una vez que los investigadores detectaron los posibles fraudes procedieron a la detención de un total de ocho personas, más dos investigados por su implicación en los hechos y el señalamiento de otra persona más para su búsqueda y detención por su presunta participación en delitos de falsedad documental y contra los derechos de los ciudadanos extranjeros.
Las investigaciones se iniciaron por los expertos policiales en falsedades documentales. Tras el análisis de la documentación aportada ante la Oficina de Extranjería detectando elementos de falsedad en cuatro
contratos de empleado o empleada de hogar interno.
En la primera investigación se pudo determinar la participación en los hechos de tres personas miembros de una misma unidad familiar quienes confeccionaron un falso contrato como empleado de hogar a un ciudadano
marroquí y el falso empadronamiento en su domicilio; fueron detenidas dos personas y dos investigados por su implicación.
En la segunda, se detectó un falso contrato de trabajo como empleada de hogar de una ciudadana marroquí que se comprobóa que era la pareja sentimental del padre del empleador, por lo que se procedió a la detención de estas tres personas que convivían en el mismo domicilio, como coautores de los hechos.
En la tercera, se detectó que un ciudadano español le ofrecía directamente un contrato de trabajo como empleada de hogar a una ciudadana marroquí con la que mantenía una relación sentimental conviviendo
en el mismo domicilio, por lo que ambos fueron detenidos.
En la cuarta y última, era un ciudadano español que ofrecía contrato de trabajo como empleado de hogar a un ciudadano marroquí; se comprobó que se trataba de un fraude con la única intención de aportarlo en
la Oficina de Extranjería para regularizar su situación administrativa enEspaña. También fue detenido.
+"
Feijóo alarga un día más su Congreso Nacional. Propone a la diputada Sofía Acedo como vicepresidenta del Comité Organizador del cónclave,"El presidente del PP,Alberto Núñez Feijóo,propondrá este lunes a la Junta Directiva Nacional de su partido, ampliar el cónclave para que dure tres días y no dos, como estaba previsto en un primer momento.
El Congreso empezará a sí el viernes 4 de julio con el objetivo de ""facilitar el debate"" y para poder dar la palabra""con más intensidad""a los afiliados y cargos del PP, según explican fuentes del PP. Génova busca así otorgar mayor tiempo al debate de las ideas, tal y cómo venían pidiendo desde hace tiempo algunos sectores del partido que querían celebrar un Congreso en el que se dar cabida al debate político sosegado.
Además, Feijóo propondrá a la Junta Directiva que la diputada Sofía Acedo sea vicepresidenta de la Comisión Organizadora del Congreso. La diputada por Melilla tiene experiencia parlamentaria representando a la España no peninsular, así como una dilatada trayectoria orgánica. De hecho, ha sido secretaria de área de Inmigración, de Comunicación interna y de Afiliación y Participación, según apunta el partido.Será la encargada de ayudar al presidente de la Comisión Organizadora, Alfonso Serrano, en la preparación del 21º Congreso Nacional del PP.
Su designación, apunta Génova, es un mensaje de ""integración y respeto a las ciudades autónomas"" y una muestra de ""confianza hacia nuevos perfiles del partido con acreditada solidez ideológica, discursiva y organizativa""."
"La Audiencia avala la citación de Pedro Sánchez y ve indicios de una ""clara desviación de poder"" en la promoción profesional de Begoña Gómez. La Audiencia de Madrid apunta que pudo ""aprovechar"" su proximidad al presidente"" para ""vender supuestos favores u ofrecer supuestas influencias"" a cambio de contraprestaciones para ""proyectar su carrera""","La Audiencia Provincial de Madrid ha avalado la decisión del juez Juan Carlos Peinado, instructor del ""caso Begoña Gómez"", de tomar declaración como testigo al presidente del Gobierno, Pedro Sánchez, para lo que se desplazó al Palacio de la Moncloa, aunque censura que se diera traslado a las partes del vídeo de esa comparecencia, algo que cree que era innecesario dado que se acogió a su derecho a no declarar.
Los magistrados descartan asimismo que Peinado se haya extralimitado en su labor como instructor -como se quejó la defensa de la esposa de Sánchez- y hace hincapié en que a tenor de su supuesta implicación en los hechos investigados ""se podría deducir"" que Begoña Gómez ""debía de venir aprovechándose de su proximidad al presidente del Gobierno, como su esposa, para vender supuestos favores u ofrecer supuestas influencias, siempre eso sí, a cambio de contraprestaciones de la más diversa índole, encaminadas a proyectar su carrera profesional en la búsqueda de una posición privilegiada, en un sector novedoso, como es, el de la captación de fondos por entidades, en relación a establecimiento de criterios de responsabilidad social competitiva transformadora de la sociedad"". Por ello, resaltan, las empresas del Grupo Barrabés ""resultaban una pieza clave en el desarrollo e implementación"" de la cátedra que codirigía Begoña Gómez en la Universidad Complutense de Madrid (UCM), ""para el lanzamiento y supuesta excelencia profesional desde la cual se habrían urdido el resto de actividades, sobre la que se proyecta la sospecha delictiva, consistente en una clara desviación de poder"".
Además, la Sala obliga al instructor a archivar la causa respecto a dos de los imputados: el rector de la Universidad Complutense Joaquín Goyache y el directivo del Instituto de Empresa Juan José Güemes, investigado el primero por la creación de la cátedra de Transformación Social Competitiva que codirigió la esposa del presidente del Gobierno y el segundo por su fichaje para dirigir el Africa Center.
Sin embargo, la Audiencia madrileña mantiene la condición de investigados tanto del empresario Juan Carlos Barrabés, a quien avaló Begoña Gómez en adjudicaciones públicas, como de la asesora de Moncloa Cristina Álvarez, que actuó como asistente personal de la mujer de Pedro Sánchez, gestionándole incluso la renovación de la financiación de su cátedra universitaria.
Em esa misma resolución, la Sala pone coto a la investigación del rescate de Air Europa en el marco del procedimiento, como ya hizo en mayo de 2024, pero abre la puerta a que, si Peinado advierte indicios suficientes, investigue los hechos en una pieza separada.
La instancia superior a Peinado defiende que la condición de imputado de Barrabés ""tiene origen en las adjudicaciones públicas de las que ha sido beneficiaria la empresa Innova Next S.L y que estas se hubieran concedido en un corto periodo de tiempo, entre los años 2021 y 2022, once contratos públicos con distintas Administraciones, ganando a propuestas más ventajosas y por un valor de unos 21 millones de euros. Contando en algún caso, señala, ""con el aval personal de Begoña Gómez como directora de la catedra"".
La relación entre ambos, puntualiza, ""constituye la clave del desarrollo de la cátedra de Transformación Social Competitiva"", que según afirman los magistrados fue ""utilizada como plataforma desde la cual se urdieron el resto de actividades sobre las que se proyecta la sospecha delictiva"". Algo que explica, añaden, ""el rápido desarrollo de la citada cátedra, con la diligente consecución de financiación por empresas sometidas a supervisión gubernamental o beneficiarias de importantes subvenciones o adjudicaciones de contratos públicos"".
De ahí que, subraye, también forma parte de la instrucción el ""descubrimiento de posibles delitos cometidos"" a través de esa cátedra, en la que también tenía participación Barrabés como profesor asociado, ""por su cercanía a Begoña Gómez"". Y llama la atención sobre el hecho de que, ""además de su inicial actividad empresarial relativa a la venta online de útiles destinados al deporte del esquí, se vio dirigido hacia una exitosa actividad de desarrollo de nuevas tecnologías, con unos importantes beneficios"".
La Sala considera si embargo que la declaración como testigo del propio Goyache y de los vicerrectores José María Coello de Portugal y Juan Carlos Doadrio en relación a la creación de la cátedra que codirigía la esposa de Pedro Sánchez. Sus testimonios ""no sólo resultan pertinentes, sino en principio necesarios"", en la medida en que ""son los funcionarios respecto de los cuales"" Begoña Gómez pudo ""haberse prevalido de su posición de máxima proximidad como esposa del presidente del Gobierno con la supuesta finalidad de ejercer presión eficiente para la creación y/o mantenimiento de la cátedra, como plataforma para proyectar su carrera profesional, con la consecuencia de una posición de privilegio, en un sector novedoso como es el de la captación de fondos, públicos y privados, por empresas del denominado Tercer Sector (fundaciones, asociaciones y organizaciones sin ánimo de lucro)"".
Así como también, añade, para ""la obtención de una herramienta informática para la medición del impacto o cumplimiento en las empresas, de los Objetivos para el Desarrollo Sostenible, propios de la moderna responsabilidad social corporativa"".
Por todo ello, hace hincapié la Audiencia, ""era importante y pertinente su testimonio no sólo en relación al momento de la creación de la cátedra en el año 2020, sino durante su desarrollo, en los siguientes años, hasta su conclusión en 2024, resultando de especial importancia el órgano encargado del control de su funcionamiento, en las denominadas comisiones mixtas, acreditadas para controlar el cumplimiento de sus finalidades"".
Tras poner el foco en la cátedra que codirigía Begoña Gómez, la Audiencia de Madrid puntualiza que una vez ""perfilados los hechos objeto de investigación, no podemos admitir la investigación de otros distintos"", por lo que no ve pertinente la petición de documentación a la Sociedad Española de Participaciones Industriales (SEPI) en relación a ""las ayudas otorgadas a la empresa Air Europa"". En ese sentido, añade, insisten en que esos hechos están ""excluidos del presente procedimiento"", como ya indicó la Sala el pasado año. ""sin perjuicio que, de entender el instructor la existencia de indicios racionales de criminalidad de algún hecho nuevo que haga presumir la comisión de un delito distinto, ajeno al objeto del procedimiento que se está instruyendo, deduzca los correspondientes testimonios, para su tramitación separada"".
Pese a todo lo que apunta en relación a la cátedra de Begoña Gómez, la Sala deja sin efecto la condición de investigado del rector de la UCM, en relación a la creación de la misma ""ante la ausencia de datos objetivos incriminatorios en los que asentar su condición de investigado en los delitos de tráfico de influencias"".
Tanto en el caso de Joaquín Goyache como en el de Güemes su imputación, deja claro, ""carece de fundamento"". Sí avala, no obstante, la imputación de Barrabés, que como los dos anteriores fue inicialmente citado como testigo. En este caso, precisa, ""el cambio de situación se estima acertado"". A Barrabés incluso -subraya- ""se le debió siempre oír en calidad de investigado para garantizar al máximo sus posibilidades de asesoramiento y defensa"". ""Por la sencilla razón"", argumenta, ""de que su directa implicación en lo investigado era conocida desde el inicio, hasta el punto de que se había inhibido parte de la investigación a la Fiscalía Europea"".
""Aunque el encaje de su comportamiento en la figura del tráfico de influencias plantea dudas dogmáticas a la vista de los informes de la UCO que obran en la causa y que ya obraban en la misma antes de su declaración"", afirma, su declaración como testigo era ""improcedente"".
Por otro lado, la Sala desbarata las quejas de la Fiscalía y de Begoña Gómez contra la declaración de Pedro Sánchez como testigo, que considera que fue ""útil y pertinente"" porque ""de las diligencias practicadas se deducen múltiples reuniones para la constitución de la cátedra de Transformación Social Competitiva, celebradas en el entorno institucional de la Presidencia del Gobierno, habiendo estado presente en alguna ocasión el presidente"".
Eso sí, censura el comportamiento de Peinado de dar traslado a las partes del vídeo de esa declaración, porque ""carecía de cualquier utilidad la entrega de dicha declaración, ya que en dicha diligencia el presidente del Gobierno se acogió a su derecho a no declarar"". De ahí que facilitar esas imágenes ""carecía de sentido, debiendo permitirse a las partes se instruyeran de la grabación sin necesidad de entregar copia, al no ser el momento procesal oportuno para el traslado de actuaciones y porque el citado contenido carecía de interés, ya que sólo contenía determinados formalismos"". Sin embargo, precisa, ""a efectos prácticos la resolución no tiene eficacia material, pues ya fue entregada la grabación""."
"Podemos acusa al Gobierno de preparar una nueva subida de gasto militar. Belarra llama a detener a este Ejecutivo ""irresponsable"" con una ""movilización popular"".","La secretaria general de Podemos, Ione Belarra, ha acusado al Gobierno de prepararse para aumentar de nuevo el gasto militar, en su deriva hacia el ""régimen de guerra"", y ha llamado a detener a este Ejecutivo ""irresponsable"" con ""movilización popular"".
""Los países de la OTAN, incluido España, se preparan para cumplir órdenes de su jefe, el fascista Trump, y aumentar el gasto militar"", ha lanzado Belarra a través de un mensaje en la red social 'X', después de que el secretario general de la OTAN, Mark Rutte, se haya mostrado este viernes convencido de que España elevará su compromiso de gasto en defensa hasta el 5% en la próxima década, tal y como exige Estados Unidos al resto de socios de la Alianza de cara a la próxima cumbre que reunirá a los líderes aliados el próximo junio en La Haya.
""Sin duda"", ha zanjado Rutte a su llegada a la cumbre de la Comunidad Política Europea (CPE) que se celebra en Tirana, cuando un periodista le ha preguntado por si confía en que España se sume a esta meta. Días atrás, también el secretario del Departamento de Estado estadounidense, Marco Rubio, aseguró que ""todos"" los países de la OTAN suscribirán en la cumbre el compromiso del 5%.
A tenor de estas declaraciones, Belarra ha enfatizado que Podemos ya advirtió de que el ""régimen de guerra y ese aumento de gasto"" militar ""no van a parar"" si no se frena al Gobierno presidido por Pedro Sánchez con manifestaciones en las calles.
Por otro lado, fuentes del partido morado han indicado que las palabras de Rutte y Rubio se unen a las del comisario de Defensa europeo, Andrius Kubilius. A su juicio, esto refleja que la ""espiral belicista"" a la que Sánchez se ha sumado ""no tiene fin"" y que se está preparando un nuevo aumento del gasto militar para la próxima cumbre de la OTAN, que se celebrará en junio.
De esta forma, Podemos ha reafirmado que se opone de forma rotunda al incremento del gasto militar ya acordado por el Gobierno y a cualquier nuevo aumento, al alertar de que cada euro destinado a estar partidas ""implica recortes en las materias que verdaderamente protegen y dan seguridad"" a la gente, como son la sanidad, la educación, la vivienda o la inversión en sectores estratégicos.
Por ello, la formación morada ha insistido en que la paz es la tarea política fundamental en este momento y ""llaman a la insumisión para frenar un rearme que, de seguir adelante, hipotecará el futuro del país para las próximas décadas"".
EFE"
"Tensa comparecencia de Óscar López en el Senado: niega que conociera las fiestas de Ábalos en Paradores. El ministro, expresidente de la empresa pública, asegura que ""jamás"" tuvo conocimiento de los hechos denunciados, aunque evita detallar qué comprobaciones ha hecho","El ministro de Función Pública, Óscar López, fue presidente de Paradores cuando se celebró la presunta fiesta protagonizada por José Luis Ábalos en el Parador de Teruel, en plena pandemia. Sin embargo, López, de la máxima confianza de Pedro Sánchez, ha acudido este viernes a la Comisión de Investigación del ""caso Koldo"" en el Senado, donde ha negado que supiera nada de esos hechos. De hecho, ha hecho énfasis, asegurando que ""jamás"" ha tenido constancia de ninguna fiesta que tuviera a Ábalos como protagonista. ""La verdad es que, como presidente de Paradores,jamás tuve conocimiento de ninguna acontecimientode ese tipo.Ni en ese parador ni en otro se ha mencionado"", ha señalado, nada más empezar su comparecencia, que ha sido tensa, casi como la del ministro Óscar Puente.
""Creo que la propia comparecenciano tiene ningún sentido,porque es que no conozco ningún asunto.Nunca me fue denunciado nada.Si usted tiene alguna prueba de que alguien me comunicó,que yo oculte o supe, por favor, hagan saberlo a la justicia.Desde luego, jamás tuve conocimiento de nada"", ha continuado López, en el ""cara a cara"" que ha mantenido con la senadora de UPN Mari Mar Caballero. López ha sido citado en la Comisión de Investigación en el Senado después de que hayan trascendido informaciones respecto a una posible fiesta en el Parador de Teruel protagonizada por Ábalos y después de que haya trascendido de que el contacto de López estaba en la agenda telefónica de Koldo García, guardado como ""Óscar Paradores"".
López, para descartar cualquier vinculación con esta presunta fiesta, ha explicado que una periodista le preguntó sobre este asunto hace un año y él trató de indagar internamente: ""Ni siquiera había habido ni un rumor"". No obstante, repreguntada por Caballero, ha evitado concretar qué comprobaciones ha hecho sobre los hechos. ""¿Se ha molestado en preguntar en la dirección porlas reservas del 15 de septiembre ysi verdaderamente durmió el señor Ábalos?"", ha preguntado la senadora de UPN, mientras López ha esquivado la pregunta: ""Que yo sepa, vivimos en un Estado de derecho.La Inquisición se acabó hace muchos años.Que yo sepa, se trabaja con pruebas, con evidencias,no con chascarrillos"", ha contestado el ministro.
El ministro ha reconocido que conoció a Koldo cuando accedió a su cargo como asesor de Ábalos y ha hablado con él. ""Creo que tengo pocos mensajes y no he tenido casi relación con él"", ha señalado. ¿Y con Ábalos? ""Hablaba poco con él mientras fue secretario de Organización del partido. Lo normal"", ha contestado, tratando de restar opciones a la posibilidad de que conociera todo lo sucedido."
Nuevas licitaciones en el Cuartel de Loyola: el bastión militar que resiste en San Sebastián. Saca a concurso la gestión de su cafetería lo que muestra que sigue con normalidad su funcionamiento,"El Cuartel de Loyola, símbolo de resistencia y permanencia en San Sebastián, continúa firme frente a las presiones políticasque intentan desplazarlo. Tras décadas de intentos por desmantelarlo, el cuartel sigue siendo un bastión militar y un testimonio de perseverancia en el País Vasco. De hecho los intentos por desmantelarlo siguen paralizados ysiguen licitandocontratos públicos, esta vez relacionados con el servicio de cafetería. A pesar de las presiones políticas y los intentos de desmantelamiento por parte del nacionalismo vasco, el cuartel continúa en funcionamiento y adaptándose a las necesidades de su personal y usuarios.
Recientemente ha salidoha publicada la licitación para la gestión de la cafetería del Acuartelamiento de Loyola,situada en San Sebastián. La empresaadjudicataria contará con locales proporcionados por la Unidad de Coordinación Operativa (UCO) del cuartel para prestar el servicio, de hecho el plazo para presentar las solicitudes de participación está abierto hasta el 28 de mayo.Entre los requisitos establecidos se encuentra la necesidad de que el personal cuente con las autorizaciones legales vigentes en materia de manipulación de alimentos, siguiendo la normativa de la Comunidad Autónoma Vasca. Además, el personal deberá llevar un vestuario acorde con la normativa del acuartelamiento y será responsabilidad exclusiva de la empresa contratante, sin que la Administración Militar tenga implicación directa en la relación laboral.
Se trata de un servicio de cafetería que estará disponible todos los días de la semana, en horario de 07:00 a 22:30, con la posibilidad de modificación puntual en situaciones justificadas o por necesidades del cuartel. La empresa adjudicataria deberá presentar mensualmente la documentación laboral y de Seguridad Social de sus empleados, así como designar a un representante encargado de la interlocución con el Ministerio de Defensa.
Esta nueva licitación se suma a otras realizadas recientemente por el Cuartel de Loyola, que sigue operando mientras se mantiene el debate sobre su futuro.Aunque el Ayuntamiento de San Sebastián y el Gobierno vasco mantienen su intención de transformar el espacio en zona residencial, la Ley de Costas continúa siendo el principal escollo para el traslado de la titularidad al consistorio.
El Cuartel de Loyola sigue en pie mientras adapta sus servicios para garantizar el bienestar de los militares que allí residen."
"Agentes de la UCO ratifican el análisis de los mensajes que atribuyen a García Ortiz un papel ""preeminente"" en la filtración. Los autores del informe de los wasaps intervenidos a la fiscal jefe de Madrid defienden sus conclusiones en el Tribunal Supremo frente a la Abogacía del Estado","Los peritos de la Unidad Central Operativa (UCO) de la Guardia Civil que firmaron el informe de análisis de todo el material informático intervenido el 30 de octubre del pasado año en el registro del despacho de la fiscal jefe provincial de Madrid, Pilar Rodríguez -investigada por revelación de secretos junto al fiscal general del Estado, Álvaro García Ortiz, por la difusión de datos reservados del empresario Alberto González Amador, novio de la presidenta madrileña, Isabel Díaz Ayuso- han ratificado en el Tribunal Supremo (TS) su actuación, según fuentes jurídicas.
El instructor acordó la citación de los agentes de la UCO a instancias de la Abogacía del Estado, que como en el caso del fiscal general actúa en defensa de la investigada, disconforme con las conclusiones alcanzadas por la unidad policial tras el examen de esos wasaps, atribuyendo a García Ortizuna ""participación preeminente""en esa filtración.
Se trata de una de las últimas diligencias pendientes de practicar junto a la declaración como testigo el próximo viernes de González Amador, a quien Hurtado ha llamado a declarar obligado por la Sala de Apelación del Supremo, que dio así la razón a García Ortiz. Los magistrados consideraron que necesaria su comparecencia porque así ""será el afectado por la presunta divulgación quien ofrecerá los contornos de su actuación"" sobre la difusión de sus datos reservados.
Los mensajes intervenidos a Pilar Rodríguez han resultado claves para la investigación, teniendo en cuenta que no se han podido recuperar los del móvil de García Ortiz, que borró sus mensajes y cambió de móvil una semana después de que el Tribunal Supremo abriera la causa penal contra él por estos hechos. Pero el análisis del teléfono de la investigada permitió a la UCO reconstruir la secuencia de acontecimientos, sobre todo la noche del 13 de marzo del pasado año, cuando se produjo la filtración de un correo del 2 de febrero de 2024 en el que la defensa de González Amador trasladaba al fiscal del caso, Julián Salto, que el empresario reconocía el fraude tributario que se le imputaba y estaba dispuesto a llegar a un acuerdo de conformidad (por el que el Ministerio Público rebajase su petición de pena a cambio de esa confesión y de la devolución del dinero defraudado).
A raíz del examen de ese cruce de mensajes entre García Ortiz y Pilar Rodríguez, la Guardia Civil atribuyó al fiscal general una ""participación preeminente"" en la filtración de datos privados y reservados de la pareja de Ayuso. En primer lugar, apuntó que la filtración de la denuncia contra el empresario -que se divulgó el 12 de marzo dos horas antes de que el fiscal del caso se la comunicara a la defensa de González Amador- partió de la Fiscalía General del Estado, ""tan solo cuatro días después de haberla recibido de manera completa desde la Fiscalía Provincial de Madrid"". Para los agentes no hay dudas de que ""la prensa disponía del contenido de la denuncia contra Alberto González Amador antes que el propio interesado"".
En cuanto a la filtración de ese correo del 2 de febrero del pasado año -clave en la imputación del delito de revelación de secretos-, la UCO apuntó tras analizar el móvil de Pilar Rodríguez que desde que lo recibió el fiscal general a las 21:59 del 13 de marzo (después de sacar al fiscal del caso de un partido de Champions del Atlético de Madrid en el Metropolitano) y hasta que se publicó por la SER a las 23:51 solo ""un muy reducido número de personas"" tuvieron acceso a todos los correos entre la Fiscalía y el abogado del novio de Ayuso, ""entre ellos el que finalmente lo filtra"".
La Guardia Civil puso el foco en la Fiscalía -el fiscal general siempre ha negado esa filtración y ha defendido que su único objetivo fue responder al ""bulo"" de que el ofrecimiento de pacto al novio de Ayuso partió del Ministerio Público- y puso de relieve que los mensajes que dejaron al descubierto el examen del móvil de Pilar Rodríguez apuntan que fue García Ortiz quien ""comienza a impartir órdenes para recabar los correos mantenidos entre el abogado de la defensa y la Fiscalía"".
Una vez tome declaración al novio de Ayuso el próximo viernes, el juez Hurtado tendrá que decidir procesa a García Ortiz y a la fiscal jefe de Madrid, como le ha pedido ya una de las acusaciones populares, la Asociación Profesional e Independiente de Fiscales (APIF) ante la ""abrumadora prueba"" contra ambos.
La acusación también ha solicitado al juez unas últimas diligencias antes de dar ese paso. Por un lado, comprobar si en la agenda del móvil del fiscal general figura el teléfono de la número dos del PSOE de Madrid, Pilar Sánchez Acera, cuya participación en la filtración de datos reservados del novio de Isabel Díaz Ayuso descartó el instructor, pese a que no dio credibilidad a su testimonio en su comparecencia como testigo. La exasesora de Moncloa fue quien remitió al entonces líder de los socialistas madrileños Juan Lobato ese correo del 2 de febrero para que lo utilizara en la Asamblea de Madrid contra Ayuso.
Por otro lado, APIF quiere que se compruebe si García Ortiz tenía en su agenda los teléfonos de varios periodistas que en sus declaraciones como testigos ""afirmaron conocer la información previamente, sin aportar más detalle amparados por el secreto profesional"" y, también, que se reclame a la jefa de la Inspección, María Antonia Sanz, los tres expedientes de dación de cuenta sobre González Amador ante sus sospechas de una posibles actuaciones ""paralegales o alegales""."
"Policías, guardias civiles y funcionarios de prisiones se quedan sin subida del 0,5% por quinto mes consecutivo. El Gobierno acumula 17 meses de pago pendiente, pese a que una disposición ""con rango de ley"" le obliga a cumplir con esa subida","Cinco son los meses deretraso que acumulan los funcionarios en el cobro de ese 0,5%de subida salarial correspondiente a 2024 y que el Ejecutivo de Pedro Sánchez se comprometió a pagarlescon carácter retroactivo en enerode este mismo año. O lo que es lo mismo, los agentes acumulan17 meses de pago pendiente. Un pago que venía a ""compensar"" la pérdida adquisitiva provocada por la inflación y que no se hará efectivo hasta que se apruebe en el Consejo de Ministros, a través de un real decreto, y se publique en el Boletín Oficial del Estado (BOE).
Hay que recordar que esta subida está recogida en el Acuerdo Marco para una Administración del Siglo XXI para el periodo 2022-2024 y que estávinculada a la evolución del IPC armonizado. Sin embargo, pese a que debía haberse aplicado de forma retroactiva, aún sigue sin materializarse por la ""inacción"" del Ejecutivo. Porque la fórmula es bien sencilla y el Gobierno podría aplicar una subida sin más por decreto, como hizo apenas unas semanas conel personal militar.
En el caso de los policías nacionales y los guardias civiles, eseaumento salarial supondría entre 10 y 120 euros anuales, dependiendo del rango, la antigüedad y los complementos que cobren en ese momento. También habría que contar con otros conceptos como dietas y pagas extraordinarias. Sin embargo, este incremento estásupeditado a la aprobación de los Presupuestos Generales del Estado(PGE), y como ya anunció el presidente del Ejecutivo, el panorama no es muy optimista: si no hay presupuestos, se prorrogarán de nuevo. Por ello, la subida del 0,5% podría llegar a eternizarse por mucho que el ministro de Función Pública, Óscar López, se afane en reunirse con los sindicatos.
Los distintos sindicatos y asociaciones de la Policía y la Guardia Civil consideran ""inaceptable"" que el Ejecutivo supedite las mejoras retributivas a la aprobación de los PGE, ya que deja a losagentes en una situación de ""incertidumbre y vulnerabilidad"". Una opinión compartida por la asociación de funcionarios de prisiones Tu Abandono Me Puede Matar (TAMPM), que ha ido un paso más allá para reclamar el cumplimiento de ese Acuerdo Marco y ha presentado unrecurso ante el Ministerio de Presidencia, Justicia y Relaciones con las Cortes, que dirige Félix Bolaños.
""Nos pondrán trabas e intentarán vetarnos en las negociaciones, perono podrán impedirnos reclamarlo que corresponde a los trabajadores"", aseguran desde este colectivo de funcionarios. Por este motivo, interponen un recurso ante el Gobierno para que cumpla la disposición de carácter generalcon rango de ley, que le obliga a subir ese 0,5%estipulado a los funcionarios. ""No necesita otro acto de aplicación más que el acuerdo del Consejo de Ministros y su publicación en el BOE para ejecutar la prestación"", señalan.
Y mandan un último mensaje al Ejecutivo de Sánchez: ""Ese mandato al Gobierno no puede decaer porque no esté aprobada la Ley de Presupuestos Generales del Estado para 2025, ya que regularía las retribuciones públicas para 2025, perono las devengadas en el ejercicio anterior"".
Sin embargo, esta forma de actuar del Ejecutivo no es nueva. En febrero de 2024, el ministro del Interior, Fernando Grande-Marlaska, se la jugaba a miles de policías nacionales. Más de 70.000 agentes tenían queesperar al mes de abril para cobrar otro aumento del 0,5% en sus nóminas, pese a que el resto de funcionarios de este ministerio ya lo habían cobrado,incluidos los guardias civiles. ¿El motivo? Un ""error de despacho"".
Aunque el Boletín Oficial del Estado publicaba el 8 de febrero del año pasado la Resolución de la Secretaría de Estado de Presupuestos y Gastos en la que se fijaban las instrucciones para el pago a los funcionarios delincremento retributivo del 0,5%vinculado a la evolución del PIB,este pago no se realizó en fecha y forma.
En concreto, la resolución no sólo establecía las cuantías adicionales correspondientes a los efectos retroactivos desde el 1 de enero de 2023, si no que dejaba claro que,""salvo motivos técnicos"", ese pago debía realizarse en febrero.Sobra decir que ni febrero ni marzo... la justificación esgrimida desde Interior fue que ""en esa fecha ya estaban remitidos los expedientes de las nóminas a Hacienda para su fiscalización y que había que esperar"". Sin embargo, el resto de funcionarios de Interior sí lo habían cobrado."
"Termina sin acuerdo el acto de conciliación entre Don Juan Carlos y Revilla: ""Me mantengo en lo que he dicho"". El expresidente de Cantabria ha confirmado que su abogado pedirá que el monarca sí se persone en el juicio","Elacto de conciliación por la demanda que el Rey Juan Carlosinterpuso contra el expresidente cántabro,Miguel Ángel Revilla, ya ha finalizado tras algo más de 25 minutos, puesla cita ha comenzado a las 10:00 horasen los Juzgados de Intrucción de Santander.
Finalmente, como estaba previsto,el acto se ha llevado a cabo sin ninguna sorpresa, y a él han acudidoel político y su letrado, José María Fuster Fabra, mientras quede parte del antiguo monarca solo ha asistido su abogada,Guadalupe Sánchez, puesJuan Carlos I no se ha desplazado de Sanxenxo a Santanderpara el litigio judicial.
En este sentido, el cántabro ha confirmado lo que ya avanzaba a su llegada a los Juzgados:no ha habido acuerdo y finalmente el caso acabará en juicio(siempre que el monarca ratifique su demanda contra Revilla tras el fracaso del acto de conciliación).
""No puedo vivir con lo injusto[...]No he mentido en nada, sino que me he nutrido de las fuentes de donde obtuve la información [...], así queme mantengo en lo que he dicho"", ha explicado el cántabro, queha reconocido que en alguna ocasión ha podido tenr ""algún exceso verbal"".
A su llegada a sede judicial,Revilla ha sido preguntado sobre qué pediría al que fue Jefe del Estado durante casi 39 años, al que le ha sugerido ""repatriar el dinero que está por ahí"".""Le pediría que pida perdón de verdad y que repatríe todo ese dinero que está por ahí"", ha sugerido.
Por si eso fuera poco, a su salida el cántabroha lamentado que Don Juan Carlos no se haya presentado al acto de conciliación, pues actualmentese encuentra en Sanxenxo (Pontevedra), localidad con la que tiene un vínculo especial desde hace años, más aún desde que se fue de España,para ""disfrutar de las regatas"".
""Yo sí que hubiera agradecido que se presentase, y más estando en España con sus amigos... Es que apenas es una hora de avión"", ha explicado el político.""Si hubiese venido hubiésemos tenido un careo en el que le hubiese explicado el porqué he tenido que denunciar su comportamiento"", ha añadido. No obstante, Revilla ha reconocido que""ni aún así hubiésemos llegado a un acuerdo"".
Tras ello, Revilla ha matizado que el siguiente paso, si finalmente la letrada del monarca ratifica la demanda, será ir aun juicio que ha avanzado que será ""interesante"", pues harán ""que aparezcan por allí testimonios"".
Además, Revilla ha confirmado quesu abogado pedirá que el monarca sí se persone en el juicio, algo que personalmente espera que haga, aunque en su opinión, con esta demandacree que el monarca ""no se ha metido en una carrera demasiado adecuada""."
Albares viaja a EE UU el próximo jueves para verse con Marco Rubio. Solo han mantenido una conversación telefónica el pasado 2 de abril,"El ministro de Exteriores, José Manuel Albares, viajará el próximo jueves a Washington para verse con su homólogo, Marco Rubio, en un momento crítico de la relación bilateral. Según han declarado a LA RAZÓN fuentes de Exteriores, el Ejecutivo español responde así a la invitación por parte de la Administración Americana. El Ministerio que dirige Albares buscóuna ""fecha viable"" y será el próximo 22 de mayo .
Las mismas fuentes aseguran que, por parte de España, se abordarán entre otros asuntos: ""El refuerzo de la relación bilateral, la seguridad euroatlántica y los principales asuntos globales"". Esteserá el primera cara entre ambos y el encuentro de mayor nivel desde que Donald Trump volviera a la Casa Blanca el pasado 20 de enero.Hasta ahora solo han mantenido una conversación telefónica el pasado 2 de abril que se hizo mucho de rogar.
La reunión en Washington será un mes antes de la cumbre de la Alianza Atlántica a finales de junio de la OTAN en La Haya, en la que Washington tratará que el aumento de Defensa llegue al 4 por ciento aunque llegará pidiendoal menos el 5% siguiendo el estilo negociador impuesto por Trump.
Durante la conversación de abril Albares y Rubio analizaron ""la importancia del vínculo transatlántico y el diálogo y la cooperación en seguridad y comercio"" entre ambos países, aunque, según Albares, no se habló del gasto en Defensa.Un tema espinoso que, junto a los aranceles, será parte del menú el jueves.
Otro de los aspectos quesigue en el aire es el momento en que el nuevo embajador estadounidense, Benjamín León, empresario de origen cubano, tomará posesión de la legación en Madrid. Primero tiene que superar un exigente escrutinio a diferencia de lo que ocurre en la mayoría de países europeos. La designación de representantes del Gobierno estadounidense en el exterior es una tarea compartida entre el Ejecutivo y el Senado; el presidente de turno debe nominar al personal diplomático mientras que la Cámara Alta tiene el poder de aprobar o poner en suspenso a los nominados."
